{"cameraMode":{"drawMode":0,"name":"Shaded","section":"Shading Mode"},"sceneLighting":false,"audioPlay":false,"sceneViewState":{"showFog":false,"showMaterialUpdate":false,"showSkybox":false,"showFlares":false,"showImageEffects":false,"showParticleSystems":false},"in2DMode":false,"pivot":{"x":3.252314329147339,"y":5.034358978271484,"z":4.4872283935546879},"rotation":{"x":-0.01530854869633913,"y":0.008095929399132729,"z":-0.00012395104567985982,"w":-0.9998502731323242},"size":15.633620262145996,"orthographic":false}