{"cameraMode":{"drawMode":0,"name":"Shaded","section":"Shading Mode"},"sceneLighting":false,"audioPlay":false,"sceneViewState":{"showFog":false,"showMaterialUpdate":false,"showSkybox":false,"showFlares":false,"showImageEffects":false,"showParticleSystems":false},"in2DMode":false,"pivot":{"x":0.9012458324432373,"y":1.81145441532135,"z":4.337949275970459},"rotation":{"x":0.48875513672828677,"y":-0.23014357686042787,"z":0.13543657958507539,"w":0.8305559158325195},"size":4.299539089202881,"orthographic":false}