{"cameraMode":{"drawMode":0,"name":"Shaded","section":"Shading Mode"},"sceneLighting":false,"audioPlay":false,"sceneViewState":{"showFog":false,"showMaterialUpdate":false,"showSkybox":false,"showFlares":false,"showImageEffects":false,"showParticleSystems":false},"in2DMode":false,"pivot":{"x":5.093140125274658,"y":0.30688005685806277,"z":4.019153594970703},"rotation":{"x":0.3050794303417206,"y":-0.4657987058162689,"z":0.17500925064086915,"w":0.8119983077049255},"size":9.565441131591797,"orthographic":false}