{"cameraMode":{"drawMode":0,"name":"Shaded","section":"Shading Mode"},"sceneLighting":false,"audioPlay":false,"sceneViewState":{"showFog":false,"showMaterialUpdate":false,"showSkybox":false,"showFlares":false,"showImageEffects":false,"showParticleSystems":false},"in2DMode":false,"pivot":{"x":-2.716736078262329,"y":1.7874665260314942,"z":0.04354188218712807},"rotation":{"x":0.01135995052754879,"y":0.7120882868766785,"z":0.011535754427313805,"w":-0.7019105553627014},"size":12.522920608520508,"orthographic":false}