{"cameraMode":{"drawMode":0,"name":"Shaded","section":"Shading Mode"},"sceneLighting":false,"audioPlay":false,"sceneViewState":{"showFog":false,"showMaterialUpdate":false,"showSkybox":false,"showFlares":false,"showImageEffects":false,"showParticleSystems":false},"in2DMode":false,"pivot":{"x":-4.9007463455200199,"y":0.467074990272522,"z":-2.4609827995300295},"rotation":{"x":-0.01530854869633913,"y":0.008095929399132729,"z":-0.00012395104567985982,"w":-0.9998502731323242},"size":3.2470338344573976,"orthographic":false}