{"cameraMode":{"drawMode":0,"name":"Shaded","section":"Shading Mode"},"sceneLighting":false,"audioPlay":false,"sceneViewState":{"showFog":false,"showMaterialUpdate":false,"showSkybox":false,"showFlares":false,"showImageEffects":false,"showParticleSystems":false},"in2DMode":false,"pivot":{"x":2.372364044189453,"y":-0.014173444360494614,"z":-0.9094637632369995},"rotation":{"x":0.3200077712535858,"y":0.2038724273443222,"z":-0.07071994990110398,"w":0.9225156307220459},"size":7.017728805541992,"orthographic":false}