{"cameraMode":{"drawMode":0,"name":"Shaded","section":"Shading Mode"},"sceneLighting":false,"audioPlay":false,"sceneViewState":{"showFog":false,"showMaterialUpdate":false,"showSkybox":false,"showFlares":false,"showImageEffects":false,"showParticleSystems":false},"in2DMode":false,"pivot":{"x":2.947437286376953,"y":0.9032077789306641,"z":2.1458942890167238},"rotation":{"x":0.45274800062179568,"y":-0.545036256313324,"z":0.46460554003715517,"w":0.5311388373374939},"size":11.050457000732422,"orthographic":false}