{"cameraMode":{"drawMode":0,"name":"Shaded","section":"Shading Mode"},"sceneLighting":false,"audioPlay":false,"sceneViewState":{"showFog":false,"showMaterialUpdate":false,"showSkybox":false,"showFlares":false,"showImageEffects":false,"showParticleSystems":false},"in2DMode":false,"pivot":{"x":-1.8378386497497559,"y":-0.858282744884491,"z":3.471127986907959},"rotation":{"x":-0.11473141610622406,"y":-0.5669017434120178,"z":0.08011980354785919,"w":-0.811816930770874},"size":25.849096298217775,"orthographic":false}