{"cameraMode":{"drawMode":0,"name":"Shaded","section":"Shading Mode"},"sceneLighting":false,"audioPlay":false,"sceneViewState":{"showFog":false,"showMaterialUpdate":false,"showSkybox":false,"showFlares":false,"showImageEffects":false,"showParticleSystems":false},"in2DMode":false,"pivot":{"x":2.820000171661377,"y":0.925000011920929,"z":2.0692567825317385},"rotation":{"x":0.4404726028442383,"y":-0.5581189393997192,"z":0.47000443935394289,"w":0.5230621695518494},"size":178.1844940185547,"orthographic":false}