{"cameraMode":{"drawMode":0,"name":"Shaded","section":"Shading Mode"},"sceneLighting":false,"audioPlay":false,"sceneViewState":{"showFog":false,"showMaterialUpdate":false,"showSkybox":false,"showFlares":false,"showImageEffects":false,"showParticleSystems":false},"in2DMode":false,"pivot":{"x":6.6960577964782719,"y":5.4655232429504398,"z":-9.869346618652344},"rotation":{"x":-0.35253605246543887,"y":-0.012075229547917843,"z":0.0045502581633627419,"w":-0.9357144832611084},"size":66.28611755371094,"orthographic":false}