{"cameraMode":{"drawMode":0,"name":"Shaded","section":"Shading Mode"},"sceneLighting":false,"audioPlay":false,"sceneViewState":{"showFog":false,"showMaterialUpdate":false,"showSkybox":false,"showFlares":false,"showImageEffects":false,"showParticleSystems":false},"in2DMode":false,"pivot":{"x":3.6496286392211916,"y":1.0,"z":3.6285133361816408},"rotation":{"x":-0.01530854869633913,"y":0.008095929399132729,"z":-0.00012395104567985982,"w":-0.9998502731323242},"size":4.041658401489258,"orthographic":false}