{"cameraMode":{"drawMode":0,"name":"Shaded","section":"Shading Mode"},"sceneLighting":false,"audioPlay":false,"sceneViewState":{"showFog":false,"showMaterialUpdate":false,"showSkybox":false,"showFlares":false,"showImageEffects":false,"showParticleSystems":false},"in2DMode":false,"pivot":{"x":0.050000011920928958,"y":0.48500001430511477,"z":0.0},"rotation":{"x":-0.2968254089355469,"y":-0.05096602067351341,"z":0.015866460278630258,"w":-0.9534425139427185},"size":2.0191218852996828,"orthographic":false}