{"cameraMode":{"drawMode":0,"name":"Shaded","section":"Shading Mode"},"sceneLighting":false,"audioPlay":false,"sceneViewState":{"showFog":false,"showMaterialUpdate":false,"showSkybox":false,"showFlares":false,"showImageEffects":false,"showParticleSystems":false},"in2DMode":false,"pivot":{"x":-1.8378386497497559,"y":-0.858282744884491,"z":3.471127986907959},"rotation":{"x":0.00012558895105030388,"y":0.9765748381614685,"z":-0.21520228683948518,"w":0.0005982604343444109},"size":27.766138076782228,"orthographic":false}